target,mae,r2
num_instructions_opt,0.29473964859181334,0.9683066543407421
binary_size,0.0,1.0
num_instructions_removed,0.29473964859181334,0.9908169703539085
num_load_store,0.05755280964607037,0.9841515507265224
